Job_Role,Job_Link,Company_name,Job_location,Job_post_date
Graphic Design Intern,https://www.linkedin.com/jobs/view/3662851989/?eBP=CwEAAAGJXSAO9tB4HCQlMntpy_1qSdb0GcVRKuHJvje-WkEaCaq2dOqNsEpnseO-_i7fOG3-iz69OJtsx_EIESUszyskZBs-g5-CcCcFshXuAuMPMqUfXZShQTLEx2ugwe1MQDDylfiOpoedvGo31utRyLpQwztuDBGcsV4ziUIaWQPnF-lhtkNmw4BRDPlrgPlj9lFAllgz2yrvTbkI1HduS7DYIAnF4YdV3ur_PRFUQkJezES4-guRMAiJyRCXlNpadrhJkSGzaNSfYDabY58okrvBvzv5SKqEfuIfSCr2TWrwvxKKUHlNugd3EkSHjqEU51XZPizSaH3b_vHFEQ-MTm7p0UiGT5WO&refId=obtvWvOtywRdO7Dkav3Jgg%3D%3D&trackingId=UhPhjumaYy8URbtSDDXIbg%3D%3D&trk=flagship3_search_srp_jobs,FranchiseBAZAR,"Bengaluru, Karnataka, India (On-site)",1 week ago
Influencer Marketing Intern,https://www.linkedin.com/jobs/view/3652481137/?eBP=CwEAAAGJXSAO9sr3yXtOq1CGcDOD4bvehlhRHQrjjr7_5oxc-kmyh_ouAGGSYR5T6JZT4QRC1Nm_AAH49qmPK4kV6A2k3br5OQvCokCFV8iv8u1qUopSg4HpPclH2jm_tl1Psa95oCkDXpVIAc1MwZ-DhAdsjAQdiGKKUau7bW1OGiYCP86VNoVujhBHt-W9ceyiVNnyUwRxWJhLAhnlQOxPXO9eA1Fl4r6dTcayho27Y0EB6GT5IWY7g-nWSAn9vpd71fZyzNdHuweoiS8eyHd7z2_ekX3NdhPYEu9WihX-vJLvhfoWlI1D2DG1Xu8Gi4JHECq-E3u16wPGheMtGRsKLDMj_LZjB4AA&refId=obtvWvOtywRdO7Dkav3Jgg%3D%3D&trackingId=u9%2FTiOGUh%2FEOaHze%2Bzpaxg%3D%3D&trk=flagship3_search_srp_jobs,Cohesive AI,"Bangalore Urban, Karnataka, India (On-site)",3 days ago
Account Management Intern,https://www.linkedin.com/jobs/view/3655077708/?eBP=CwEAAAGJXSAO9jMkbLHVrkMMfaR8ONUgAzp0BgW2A8oTabQkh8TGDtO0JNqxaQfbqECin9IvWxOw4YF-3EgxY3NyacoUQ1inPE4WWebXNL9hcTGwcuHC2TsRUPrrLyzmwUPL4lf6UJjGHhw_K2Kwni8whVo-z1S8uw8GsDnGOzp8fYZXsTdw38EwJAVp5PdNgkUzhwy_OpZFkjYyObwc6V5ctILKzvW2XKg9Zq3_DZkMZPRncIVzm3GYcrBPuopFpIbneA00KMhuzNPfrORNkufk6nPRjLzsAIb2P5vUZsGWvMHrHho-AGEiYgtxeQq6dcTjec_ruxoL1rOVcYMdUKuj7Dr8MRK2zCEHJfV0ZQ6p_ieRZQ-Js5IxAwjI40M&refId=obtvWvOtywRdO7Dkav3Jgg%3D%3D&trackingId=z7TCrUygQG36ZUqvi0zBJg%3D%3D&trk=flagship3_search_srp_jobs,Lio,"Bengaluru, Karnataka, India (On-site)",1 days ago
Business Development Apprenticeship,https://www.linkedin.com/jobs/view/3661712034/?eBP=CwEAAAGJXSAO9jifGDC0xpMfR9ThOkEwstSSOjEVs1eQI8z9GjizaIL0Jzgb4Nt24ogngqEuOBNTA0WM1Hz5AT-appms_5KMXA6jU3WBTk_Ppwu2eKDen6Ed4EY0hcdDeYC75XshgW7KxBteeLMCWSBFS_Ig8Hie8jL9pnt4wd5rkYY-2BC9wxHWE69XE-EcYDtF8IOfOB1HVtBdiNHgQ4QD1Zhe7HKt32zuVMyaWMTWOaNznIAmu6lUA0X0uiK0ethHQmczsFlHlJ0-DLHYpI3hcqSyXJmEzXRwcpegKc-e0DKgiDJ9c0mL-wfeSKG1C21wyfZXvQwi7b4YUbHic1BqIlUfJRLHH-oPXCdAGRMfDAqD6QQ6C6Uma4f1NsU&refId=obtvWvOtywRdO7Dkav3Jgg%3D%3D&trackingId=tT5wy0883tHmB4lNZUEzyA%3D%3D&trk=flagship3_search_srp_jobs,HARBOUR.SPACE,"Mumbai, Maharashtra, India (On-site)",4 week ago
"Quality Engineering Intern (Pune, India) ACTIVE STUDENTS ONLY",https://www.linkedin.com/jobs/view/3632787632/?eBP=JOB_SEARCH_ORGANIC&refId=obtvWvOtywRdO7Dkav3Jgg%3D%3D&trackingId=grIc0cegqoiVFavIg1h5EQ%3D%3D&trk=flagship3_search_srp_jobs,Addepar,"Pune, Maharashtra, India (On-site)",1 week ago
Graphic Design Intern,https://www.linkedin.com/jobs/view/3645497456/?eBP=CwEAAAGJXSAO9qiRQ2Mfd1kjpS0jkKuzTh1QN4yzd91rBbDfN5KCVx6rXTUGB7WgnyxfZIICloR0sJU_yZnXJasRxEFRelMuza7oz2uFaX8InWbBbWqsQhrDC8lGmMwTBLS9Nl9I_FKrA6jg-jUNvlT5JQdETA6q3hfLPYE1bUyNAv5_xyJRGvl8CYwk9KCNC6VzcdmvjSGWIZ-xMKmEVvexeDtgor_bs-101r98famsNMpdff1c5hFnHEJ_fmuIEUqHSSiHx3b9bR7ZerH1Mnd1vyPsS9sUB35SxHVMb_MpGDHWkKE41NPMpDSr-arXRQ-2sNCUtz7AqI8Wd-u-ZkXy1dEO3F626agppGFtblDo7Y9K5pqOZo0DquwNnKw&refId=obtvWvOtywRdO7Dkav3Jgg%3D%3D&trackingId=5dfMHD8aZzOYNRs5uyeeFQ%3D%3D&trk=flagship3_search_srp_jobs,10club,"Bengaluru, Karnataka, India (On-site)",6 days ago
Graphic Design Intern,https://www.linkedin.com/jobs/view/3631763771/?eBP=CwEAAAGJXSAO9sIl1m4AjYfG-RELUX8-jhZdksBCl5Dx16HPyxziJwBscdHl1rRF8CI_KZtafRyMlbVg5liEM9qMtgQnhrzYhTAXI16pIxvlA8q795VzOH6WY1wCSCmFw-vvgn-KJCvccIS76svGl0ZpMcHAz5ej6P-9nE8_QAi1eEm7WAIi4NhUBo0RwjTJkuXxpBecmqCVDCljZFyNDdo81hZcL7cWu11o5ASABLLZX6N2i6eYEsKitkU_Gwi09nDPnuQJXVImb1AWCDpyeATt1dU8jpV7A0wVmK8xnsOJJCxjs6vcUYKnbI1NAXrEHvEdsAytY2jnx-fldd6KUEDkHIAlrxywdMkmuCj1l-nOShQzJ_BffKS6Yye0Al4&refId=obtvWvOtywRdO7Dkav3Jgg%3D%3D&trackingId=J7P88SkBNgKbIx%2FKX7YImA%3D%3D&trk=flagship3_search_srp_jobs,Explorex (Explorex Inc.),"Bengaluru, Karnataka, India (On-site)",7 week ago
Graphic Design Intern,https://www.linkedin.com/jobs/view/3657725409/?eBP=CwEAAAGJXSAO9qH43bd9uCApp0dYXtj5MpNuR0UJUEfS0rYM8KvXU3HrMC0xzXC48g8qjfyyeMhj3jZFBUGUzaMH8hz7eump0C7LK_1pBAtOOlMcycQt1WfDy6TKdZLgIvBgrrli7F0RihOrYZtkgxbXrq9hizlYJ7FBqrUMwMpSOsRVSlSVR89g_X2b4REbx0pQtQFLc2Gd0U72GO1FoYKG3L5xnJzuIQTomlWOSlp4y5QvMU1cdHFPhibvxnlB_ExiHvMhOE4A7dk27duRflihKdfKgzlXrFo_L-jOKlHWn-fMLowPxIXMHC1uOQGKJ4lvnbGQTGTM11zborKH5-aH3znZ5F7GQuk2K5pQNa-GWelIe0v0D3DHEEJ-fRE&refId=obtvWvOtywRdO7Dkav3Jgg%3D%3D&trackingId=xwAW0zLpJ%2BuwPwNOGluTqQ%3D%3D&trk=flagship3_search_srp_jobs,PaperCraft Entertainment & Media Group - Digital,Mumbai Metropolitan Region (On-site),1 days ago
Intern Quality,https://www.linkedin.com/jobs/view/3662968726/?eBP=CwEAAAGJXSAoERY5ypKk21k88fH_8tTMHQpf3tssajEkb5BQW6zHwrPO68ncvU5EXnkkorxTEY8ftrym_WPKHRyMjGrPQZocxf9uLbFJlywK-hQwhfwrIUb7zpapAvdum_YM8HACIC454p8rsRrHfo-RjAIOVzcnpkuEXaCMdWhswusJ0v_VLe_e_ReKqSfDV5JaWq9BiKUQypjASRJ7v6fLMqEtETwVKNGZPxjwEmOrspf7HnETswyGOihbXkvmub0MQsneOJqmDD5F_e5FuLSV37ykCjJQcXKI9xjX7tCZQozpWEZmTD1E5yzR92XzX5OY9l0TGg1kp8FsLK4GSWjU7uX7g2z5DPKVWPc2rtLkHhFYMMt2N1LAVkKEWqPeXg5g79GOOTIIq-vUiw&refId=42edhFgWGpdz96BxvW2%2F9A%3D%3D&trackingId=ptoU%2BOQ9nEAfoiIY7n795w%3D%3D&trk=flagship3_search_srp_jobs,Valeo,"Chennai, Tamil Nadu, India (On-site)",9 week ago
Social Media Marketing Intern,https://www.linkedin.com/jobs/view/3644172484/?eBP=CwEAAAGJXSAoEVEpZQflggdVEBzGqJ1Y-PyJdIk11WtikSADi93RGTyIaKkqNcCH5gjq6qeeE1LoiWD6ORvN2ZI925P6jMZR3Y5xJn_3GgDjIvUHORSsWF-r4j8c4Wa7oo6kyGlTXM10DRo7QAkqAQ3-sCJ45PyUs3s5WFyWatnqihe0l7IIKvMMK4tp3p6Mz3sA5OGTmMfZLDJMChzQLOrnDTic7XeuNLvd-UIXA4Ac9RVxrJ0PYAOOlTEebrIhHS5EjPsTKpfsMmKhMRUgI5vZvW58zS7UIvxD7DrYEMSWPD9t7ojFoiifG-W92CMwEsNztXQBCvy3p6vsx6m4PBhNkLvVoLogZ63nZ7M&refId=42edhFgWGpdz96BxvW2%2F9A%3D%3D&trackingId=vWM1jsoR5wz24GR954nK8Q%3D%3D&trk=flagship3_search_srp_jobs,Cohesive AI,"Bangalore Urban, Karnataka, India (On-site)",10 week ago
Social Media Marketing Intern,https://www.linkedin.com/jobs/view/3646607709/?eBP=CwEAAAGJXSAoEQEznyhKITWyp327gqee6fEriQTT0wDWPJKm0xqD-TQuub3GEHG2-FFpTAwkvnA0odbEqukeyahdrYbpuEBHlMZmzzoAUxqfHTSD6mBAiFUXXzWjHJta0iBOM0yiulC_MggJLLUcUxYN7de0x6bpVwLyeE7_B8oE3nlXqth2rBOyqV_B0FtvAjjwi6tI7l57ta_GFGk-TbMBc1hfeugOOgvRpLGBht67qleEaUL0Kh_QiRHt3IxC8DBaZ952BbKOnv-iA6fm6r6J9eBzMFXHoVNVnC1gwsQeX3uLKj_thj1q5FKuLSmNE_pal3d2XWl12q7OIAt4aWO1iiOzmxGcoWJGqUnCwXlDkGLkXy469VzncOD46Z5ATg&refId=42edhFgWGpdz96BxvW2%2F9A%3D%3D&trackingId=sV3W%2FkVaoScZMXdOw6%2B6CQ%3D%3D&trk=flagship3_search_srp_jobs,BigCycl,Greater Ahmedabad Area (Hybrid),1 week ago
Social Media Marketing Intern,https://www.linkedin.com/jobs/view/3637125419/?eBP=CwEAAAGJXSAoESngQ8LVo6AHalMrEGjoxH36EIVjjHfIffBpG2r5RMlZs2LgKJgC4hi8ViiNeJnD_hBTxy9d4Ndof9b0nJZO8AraDw3UxJY9HGgAaJt69zex8kbRffegj3BseJ3E-V_xSm4aQOdCWCWlJuLRIt20fcCgyYifYYq13acwHwVgbXByiCZ-0Ji932SMbMJpkdVUVD4WScw4yUPzIi7ky9LozliytZJmi9wYj5ITmv2KkvjeoP8B5DXt_U4zmQxrP-IN6RB9Bop-K8Zxl2OvFBAndUgISnd-njmbRSP1GYe3lR8RLHOFUJSrxB4-onKVaTA-_VBBr8K2B4LLKC-UAzZQxeOF49_L-6BlYqMlaJ4e-K7Tyr_zZGRXLg&refId=42edhFgWGpdz96BxvW2%2F9A%3D%3D&trackingId=9DHPQpk59eE0pna3QWpT0g%3D%3D&trk=flagship3_search_srp_jobs,Brandshark,"Bengaluru, Karnataka, India (On-site)",12 days ago
Intern Professional Services Consultant,https://www.linkedin.com/jobs/view/3652067139/?eBP=JOB_SEARCH_ORGANIC&refId=42edhFgWGpdz96BxvW2%2F9A%3D%3D&trackingId=Tzb%2B0anPrvJrT6G20czZUg%3D%3D&trk=flagship3_search_srp_jobs,Kofax,"Hyderabad, Telangana, India (On-site)",3 week ago
Founder's Office - Intern,https://www.linkedin.com/jobs/view/3664145409/?eBP=CwEAAAGJXSAoEZV-VofxGNelihgZFecMD2myUcZIygbWC4qOYU4D0VokMINxskhaZ2qOki0PLh76TAmiVX8HwES2bflij9UjVzHBtT82IT9bg-I1fUn6Cgp2XlwzlXLOhBmFUutB3lJWRzoT-MGAgfotVAo2JbztQorYoOoCRz_fOUei4cQN_ibPfVtgjEz0W2pvF5KnnGkFnekWTcpeGR_v9PpgFyOa2_Vo1q4ZpLrv0_5XYRK_DMh-QvxQ_w0t-odVChnIQXLox7sqbBlf-BKWdSWHVKwqlUQuLBA_7z9LfhFMHGgPSFOgzsZj6cjcDhOep_ptl48TZLdam0Qhz7zK7RVLVP0OXn5iFmU&refId=42edhFgWGpdz96BxvW2%2F9A%3D%3D&trackingId=9fh74bH1xASbQObCHhCvIQ%3D%3D&trk=flagship3_search_srp_jobs,Zeno Health,"Mumbai, Maharashtra, India (On-site)",4 week ago
Marketing Intern,https://www.linkedin.com/jobs/view/3653434786/?eBP=CwEAAAGJXSAoEdG_uLp9U_fAlSQEU4EllBWFx4TGBRGgQRACryk-eVHqevSYIXiJksWnbYNxAClAb8VViBILV5lI5pAS1jfcNqlwJBzIgt5YbkLz5BAOypTyW2DhnaPcMZakGgaFzmsVUxRI2xZBw2YaMOHuEwqDTFB39rNHioceB4ofJVhWxBMYc0pQdvhqwlRUa5Vo0PMc9hhoBr-wVcRTrAX2yI1a_fZTz9v-I-_MODLoE5BZ1ZZWW2EgfdbtqN-3HsYewjpIopzUY0K2LRX8CkKmkgrl7TUxc6Bb8gXRvSFt959vK5H0hdDGO5qSbb7WsT3jmc03kHZcmzZ4eRN4CQhry3WMATI65r6coEQWj4vyHlV5eBzVari5BAaWWg&refId=42edhFgWGpdz96BxvW2%2F9A%3D%3D&trackingId=wzVYyJNNxTLKQLOjMK3WsQ%3D%3D&trk=flagship3_search_srp_jobs,LBM Solutions Pvt. Ltd.,"Sas Nagar, Punjab, India (On-site)",15 week ago
Intern,https://www.linkedin.com/jobs/view/3620798144/?eBP=JOB_SEARCH_ORGANIC&refId=42edhFgWGpdz96BxvW2%2F9A%3D%3D&trackingId=C7qOCr944FlLBGz%2B0D6MtA%3D%3D&trk=flagship3_search_srp_jobs,GlobalFoundries,"Bangalore Urban, Karnataka, India (On-site)",2 weeks ago
